Term,Confidence,Support
aims,0.023304,0.416149
occurs,0.00895,0.211801
multi,0.001575,0.202484
involve,0.026121,0.416149
extension,0.004151,0.195963
cause,0.005286,0.574534
status,0.000203,0.042236
prosecute,0.040472,0.074534
cross,0.0035,0.434783
compared,0.003,0.170497
uncomfortable,0.120796,0.847826
summarized,0.036488,0.190373
large,0.000012,0.057453
prairie,0.054703,0.686335
forces,0.017258,0.664596
aftab,0.008734,0.008571
bill,0.009344,0.928571
precedent,0.09,0.335404
conclude,0.001771,0.141925
significantly,0.008205,0.235714
provide,0.000172,0.035404
knew,0.015583,0.78882
heimowitz,0.038428,0.001109
meier,0.003324,0.014969
disease,0.005199,0.22764
island,0.006127,0.776398
st,0.000236,0.085714
rep,0.006113,0.218323
model,0.000229,0.061801
combat,0.00513,0.153416
facilitate,0.006793,0.1
define,0.001687,0.060248
illinois,0.00844,0.369565
led,0.001521,0.241925
disorder,0.013527,0.181056
mentally,0.081043,0.531056
involving,0.016508,0.375776
whose,0.004467,0.231677
baltimore,0.003111,0.07236
prevalent,0.008561,0.036957
kik,0.003836,0.015963
consumer,0.003071,0.229814
august,0.00035,0.08882
provider,0.004649,0.213665
proper,0.009198,0.462733
coping,0.019241,0.086646
various,0.002089,0.285404
models,0.007637,0.822981
power,0.000393,0.113665
pressed,0.075568,0.826087
serious,0.01328,0.767081
wrecked,0.440876,0.937888
brain,0.012105,0.571429
cupid,0.1025,0.381988
title,0.000196,0.077329
pages,0.000159,0.065528
september,0.000761,0.209006
accountlog,0.004558,0.08323
current,0.00021,0.058075
recent,0.000197,0.072671
data,0.000121,0.054348
printable,0.002106,0.080435
polski,0.00161,0.186025
damaging,0.081564,0.453416
lucie,0.061925,0.459627
nasty,0.00598,0.147826
fatal,0.007319,0.119565
resulted,0.008026,0.132609
sedwick,0.078863,0.022826
company,0.000213,0.080745
control,0.00029,0.075466
liar,0.01217,0.080124
briefcase,0.10687,0.26087
spirit,0.008251,0.468944
films2011,0.012881,0.00354
profit,0.004683,0.234161
february,0.002117,0.450311
either,0.007197,0.940994
starring,0.008,0.122981
cheyenne,0.052831,0.27236
great,0.000427,0.189441
prevention,0.036276,0.931677
finds,0.010593,0.388199
sister,0.009724,0.546584
pushes,0.064804,0.360248
commit,0.054355,0.968944
main,0.000579,0.228261
bee,0.003556,0.129193
anonymity,0.371356,0.909938
blackburn,0.066049,0.332298
special,0.000595,0.206832
jones,0.003214,0.247516
jordan,0.002741,0.194099
hollow,0.048115,0.832298
rent,0.001379,0.128882
relative,0.002228,0.094099
adventure,0.00699,0.447205
beauty,0.002518,0.552795
lovestruck,0.031627,0.020528
filmscanadian,0.022775,0.000027
2012all,0.002568,0.02823
read,0.000291,0.136646
donate,0.010877,0.385093
deutsch,0.000637,0.142547
svenska,0.004882,0.385093
registered,0.001345,0.195963
mobile,0.000196,0.130124
unpublished,0.047887,0.21118
awareness,0.016232,0.444099
intimidation,0.062218,0.102795
culture,0.005126,0.692547
participation,0.017488,0.440994
theft,0.007687,0.229193
jail,0.01814,0.363354
purposes,0.009895,0.586957
receives,0.03032,0.677019
without,0.000381,0.121739
named,0.004394,0.39441
posts,0.00017,0.086957
afraid,0.006451,0.139441
overcome,0.00983,0.143478
guilty,0.021464,0.400621
laptop,0.00264,0.161491
ozsik,0.498074,0.001205
jade,0.051049,0.906832
jeune,0.002244,0.042236
media,0.000328,0.21087
real,0.000987,0.456522
pressure,0.005209,0.347826
shay,0.072297,0.332298
drift,0.001975,0.02913
breathe,0.010973,0.115528
org,0.000178,0.093478
tvbythenumbers,0.027288,0.05
russell,0.004758,0.140683
angel,0.003906,0.360248
lampoon,0.318382,0.134472
father,0.008255,0.543478
au,0.000845,0.259006
ryan,0.006927,0.413043
fashion,0.00328,0.701863
lack,0.005168,0.23913
thereby,0.029237,0.428571
keep,0.000347,0.107143
infiltration,0.236515,0.531056
isolation,0.009258,0.120186
difficult,0.012609,0.810559
perpetrators,0.054054,0.055901
famous,0.003195,0.219255
guidelines,0.003967,0.375776
friendships,0.048397,0.196894
ganging,0.384615,0.057453
posing,0.014709,0.164907
platforms,0.008516,0.169255
wider,0.030642,0.459627
during,0.000436,0.101242
homosexuals,0.046407,0.048137
pornography,0.041995,0.562112
streamed,0.150685,0.341615
bakhtanians,0.101018,0.000123
university,0.000356,0.08354
within,0.00022,0.055901
becoming,0.005937,0.234161
uk,0.000317,0.117081
base,0.001464,0.290994
design,0.000149,0.062422
currently,0.000221,0.043789
spread,0.008514,0.391304
aggressive,0.010818,0.160248
disillusionment,0.912871,0.286335
behaviour,0.01106,0.165217
typically,0.005165,0.184472
professional,0.002006,0.425466
theorizes,0.352778,0.078882
covert,0.195276,0.770186
rates,0.008742,0.841615
surveyed,0.161964,0.481366
sectional,0.064103,0.388199
low,0.00038,0.083851
believe,0.006792,0.782609
negative,0.007578,0.378882
rumor,0.018281,0.145342
depression,0.022314,0.419255
house,0.000762,0.253106
hospital,0.004879,0.565217
antagonist,0.152589,0.292857
hassoun,0.279152,0.073602
becca,0.06514,0.19441
gave,0.00564,0.369565
dangers,0.077817,0.686335
partake,0.133069,0.156211
week,0.000858,0.245652
event,0.000362,0.073913
damon,0.108333,0.888199
songs,0.006451,0.835404
sia,0.000945,0.031988
source,0.000347,0.088199
seidman,0.066154,0.021366
zap2it,0.505202,0.271429
night,0.000965,0.248758
pennsylvania,0.009242,0.378882
santa,0.001595,0.237267
ghouls,0.272973,0.219565
around,0.000451,0.136025
banks,0.015944,0.708075
pop,0.004177,0.701863
life,0.001688,0.807453
campus,0.004139,0.212112
boston,0.002608,0.175776
handcuffs,0.215589,0.403727
mistle,0.576577,0.198758
2011articles,0.012277,0.003851
namespaces,0.019814,0.099068
events,0.002096,0.742236
version,0.00064,0.240373
creative,0.000247,0.506211
site,0.000137,0.132298
organization,0.007143,0.590062
contains,0.00368,0.235404
attributable,0.061599,0.169876
essay,0.009605,0.128261
defaming,0.612903,0.070807
comparison,0.002582,0.157143
preventative,0.016845,0.03913
size,0.000104,0.047205
skip,0.000152,0.027671
embarrassing,0.023497,0.13354
federal,0.00607,0.590062
hrsa,0.308901,0.036646
rewriting,0.562642,0.767081
emily,0.005275,0.151863
gelfand,0.039183,0.011025
abc,0.002335,0.138509
digital,0.000354,0.099689
plot,0.002631,0.073292
stop,0.004606,0.854037
reddit,0.000883,0.056522
technology,0.000349,0.085093
include,0.000197,0.038199
health,0.000288,0.08882
badges,0.002106,0.141304
article,0.000278,0.084472
wikinews,0.358824,0.132609
db,0.005383,0.829193
teena,0.320608,0.29472
rowan,0.172222,0.57764
united,0.00018,0.070497
stylized,0.028215,0.06677
girl,0.002112,0.52795
dvd,0.000783,0.182919
taylor,0.002378,0.20528
brother,0.009187,0.596273
samantha,0.002685,0.049689
seemingly,0.129098,0.978261
markiewicz,0.138202,0.038199
place,0.000337,0.128882
use,0.00019,0.161491
website,0.000209,0.116149
whitehouse,0.030643,0.075466
free,0.000753,0.785714
point,0.000334,0.086025
produced,0.00097,0.795031
kay,0.003709,0.098137
simon,0.003433,0.150311
citation,0.001906,0.069255
reception,0.040208,0.962733
kris,0.046849,0.692547
friends,0.000523,0.185093
rath,0.036849,0.092236
lindsay,0.003595,0.058385
computer,0.000373,0.08882
always,0.0007,0.188509
yes,0.002832,0.602484
cliquester,0.15,0.000297
defamatory,0.018014,0.078882
sms,0.001202,0.131056
falsely,0.110461,0.193478
public,0.000226,0.101863
order,0.000242,0.084161
stalking,0.051371,0.151242
exploited,0.026954,0.126398
mask,0.003902,0.120807
hosts,0.027536,0.531056
offensive,0.007456,0.184783
regulatory,0.014707,0.233851
able,0.00285,0.506211
factor,0.008048,0.524845
harassing,0.19096,0.524845
penetrates,0.357576,0.549689
shame,0.007969,0.129193
bystander,0.093122,0.054658
rank,0.002385,0.180745
using,0.000456,0.189752
email,0.000102,0.104348
fake,0.009429,0.409938
important,0.000359,0.064596
managed,0.00902,0.428571
interest,0.004097,0.65528
give,0.000399,0.114286
usa,0.000392,0.113665
encyclopedia,0.002259,0.04441
overly,0.096316,0.568323
view,0.000692,0.754658
speedy,0.056536,0.537267
muse,0.054229,0.677019
jesse,0.006318,0.114596
panabaker,0.012287,0.008509
webb,0.079032,0.76087
time,0.00107,0.944099
seventeen,0.006484,0.036646
promotion,0.009598,0.667702
expansion,0.017555,0.521739
along,0.004422,0.60559
two,0.000548,0.25528
fordyce,0.086755,0.02441
links,0.000191,0.084161
single,0.000333,0.08323
naylor,0.075321,0.072981
mortenson,0.05752,0.01354
offense,0.019876,0.198758
going,0.00062,0.143168
dance,0.006522,0.931677
friend,0.000576,0.135714
member,0.001233,0.493789
comments,0.000295,0.175776
winds,0.034454,0.381988
quickly,0.002935,0.224224
cap,0.002123,0.166149
others,0.000369,0.098137
against,0.004354,0.732919
own,0.000519,0.164286
mclaren,0.001252,0.013416
louis,0.002246,0.172981
sense,0.006642,0.565217
button,0.000293,0.04472
used,0.000286,0.115528
performance,0.000513,0.086957
commonsensemedia,0.02526,0.012081
mirren,0.06107,0.102795
day,0.001197,0.717391
york,0.002463,0.568323
behind,0.00817,0.984472
park,0.00358,0.947205
snow,0.005056,0.42236
beginning,0.004188,0.262733
karate,0.062797,0.73913
caper,0.594675,0.624224
samurai,0.033796,0.453416
pains,0.057407,0.385093
php,0.000385,0.39441
filmscyber,0.165732,0.000165
2013wikipedia,0.004007,0.000671
create,0.000237,0.084783
information,0.000134,0.111801
pdf,0.001515,0.484472
nederlands,0.00326,0.322981
january,0.000521,0.187578
non,0.000019,0.122981
deliberate,0.262069,0.944099
gossips,0.056671,0.143789
publishing,0.008051,0.487578
especially,0.005853,0.618012
union,0.006165,0.649068
adult,0.004265,0.450311
instant,0.003291,0.200311
put,0.000524,0.097205
knows,0.016348,0.903727
monitoring,0.011769,0.475155
offline,0.001236,0.146273
inherent,0.074569,0.537267
remain,0.011208,0.518634
phone,0.000277,0.109938
mom,0.004774,0.39441
herself,0.006488,0.184161
thinks,0.006715,0.130124
pegged,0.597973,0.549689
longer,0.003695,0.496894
suicide,0.02559,0.437888
system,0.000248,0.090062
caleb,0.049825,0.176398
friendship,0.007854,0.210248
protagonist,0.091645,0.221429
months,0.000336,0.079193
high,0.000453,0.249068
positive,0.006194,0.596273
good,0.000468,0.259938
exists,0.007789,0.19472
glendale,0.070103,0.42236
daren,0.162016,0.129814
vanessa,0.003441,0.099068
gift,0.003059,0.484472
perfect,0.003333,0.642857
info,0.000157,0.117702
eic,0.253134,0.288509
nick,0.00342,0.192236
skies,0.032749,0.347826
britannic,0.208858,0.027826
days,0.000432,0.152795
brave,0.006018,0.103727
users,0.000174,0.040373
authorities,0.022866,0.465839
traditionally,0.028086,0.223292
exposure,0.007981,0.260248
services,0.000126,0.065217
copy,0.000346,0.058385
describe,0.005415,0.206832
education,0.000529,0.140683
involves,0.01991,0.413043
pejorative,0.288889,0.068634
ridicules,0.975,0.484472
stationary,0.052137,0.378882
say,0.000641,0.151553
illegal,0.002084,0.385093
psychology,0.011832,0.270807
coach,0.00625,0.341615
established,0.004237,0.24472
seriousness,0.153333,0.292857
enacted,0.018571,0.060559
providing,0.012845,0.953416
intervene,0.084658,0.191925
comprehensive,0.003507,0.152484
consent,0.004608,0.114907
faceted,0.22665,0.565217
having,0.000465,0.090062
defend,0.012629,0.159627
engages,0.132174,0.47205
motivate,0.037134,0.181056
et,0.000732,0.293168
nine,0.004118,0.195652
analysis,0.003372,0.363354
sourander,0.112881,0.002994
difficulties,0.01,0.145342
psychiatric,0.020064,0.097205
just,0.000848,0.537267
slut,0.001455,0.050621
cannot,0.006115,0.860248
state,0.00036,0.109006
profile,0.00012,0.079503
end,0.000584,0.18323
year,0.001303,0.748447
ago,0.000274,0.096894
karen,0.003636,0.13323
review,0.000928,0.360248
job,0.000377,0.085093
legal,0.000211,0.051863
number,0.000257,0.10528
twitter,0.000184,0.199068
kagasoff,0.025066,0.002366
marano,0.030583,0.03913
pink,0.00287,0.782609
miniseries,0.093019,0.165528
actor,0.017857,0.698758
announces,0.034727,0.593168
nolte,0.036741,0.035714
list,0.000014,0.112422
hero,0.006207,0.335404
strike,0.006256,0.39441
romy,0.083784,0.154037
alchemy,0.2,0.68323
hello,0.003011,0.347826
initiation,0.137021,1
nature,0.005891,0.841615
fianc,0.094111,0.263043
revenge,0.006042,0.115217
unsourced,0.374,0.290373
personal,0.000317,0.095652
shop,0.000132,0.061491
changed,0.005037,0.419255
caller,0.005568,0.791925
archiving,0.421808,0.913043
went,0.006524,0.757764
becomes,0.0043,0.200311
hacks,0.02536,0.196894
horrid,0.120857,0.131366
nice,0.00272,0.509317
whore,0.002955,0.053416
sees,0.00659,0.132609
legislation,0.013864,0.221739
set,0.000351,0.149379
old,0.001315,0.518634
jon,0.004392,0.13913
harasses,0.696721,0.10559
ronda,0.019958,0.148137
loopholes,0.742857,0.565217
its,0.001231,0.546584
book,0.00041,0.133851
ais,0.020788,0.15559
foundation,0.00614,0.518634
multiple,0.002202,0.236646
found,0.000349,0.125776
harm,0.016025,0.242857
become,0.000495,0.089441
harassment,0.078607,0.490683
canada,0.000271,0.067702
workplace,0.005462,0.146894
service,0.000139,0.097516
intimidate,0.861386,0.810559
whom,0.020784,0.658385
known,0.003876,0.562112
cyberharassment,0.514876,0.019348
FALSE,0.003024,0.195342
linked,0.002687,0.207764
certain,0.007567,0.704969
physical,0.007764,0.571429
constraints,0.083456,0.704969
viewable,0.085093,0.425466
discover,0.004366,0.459627
victimization,0.11194,0.046584
insulting,0.052843,0.118323
included,0.002209,0.252484
skyler,0.118006,0.132298
featured,0.000384,0.064596
jacobs,0.007962,0.141925
ashby,0.037228,0.058385
females,0.03625,0.540373
performances,0.032428,0.667702
every,0.00046,0.137267
fox,0.005993,0.496894
look,0.000537,0.198447
want,0.000451,0.207453
rules,0.00661,0.847826
heart,0.004397,0.826087
michele,0.005232,0.090994
sarah,0.003935,0.224845
picture,0.001073,0.27764
bridesmaids,0.141649,0.416149
index,0.000081,0.04472
filmsamerican,0.002852,0.810559
articles,0.000343,0.087267
tools,0.000159,0.042547
page,0.000133,0.182298
link,0.00026,0.148758
italiano,0.000666,0.120807
additional,0.000111,0.024099
inc,0.000143,0.073913
inline,0.006744,0.090683
world,0.001534,0.97205
room,0.000505,0.119876
filter,0.00327,0.372671
seventeenth,0.05045,0.069565
happy,0.003583,0.860248
things,0.000663,0.182919
message,0.000302,0.096584
meets,0.005626,0.200932
schoolmates,0.164574,0.113975
better,0.000474,0.131366
husband,0.008442,0.403727
queen,0.003244,0.251863
star,0.000727,0.232609
exist,0.006525,0.23913
including,0.00027,0.066149
second,0.000477,0.113354
tyler,0.005181,0.137888
katie,0.004867,0.119255
autograph,0.081304,0.290373
original,0.000708,0.31677
lee,0.004822,0.590062
prweb,0.290936,0.309006
dog,0.006638,0.723602
celeste,0.043667,0.406832
rocks,0.026705,0.717391
kart,0.033516,0.568323
confidential,0.008535,0.113975
hazzard,0.25529,0.232298
snowglobe,0.042174,0.027112
boyfriend,0.017273,0.590062
oldid,0.008039,0.038199
montrealamerican,0.000097,0.000002
variants,0.064194,0.779503
random,0.002195,0.261801
contact,0.0001,0.116149
cite,0.003405,0.156522
suomi,0.001553,0.090683
agree,0.005317,0.677019
research,0.000327,0.060559
april,0.001879,0.531056
indigo,0.035876,0.39441
manner,0.003615,0.145963
material,0.004701,0.978261
redirects,0.424242,0.565217
harass,0.551657,0.878882
identifying,0.034175,0.546584
increasingly,0.014112,0.219565
clementi,0.021562,0.017143
european,0.006655,0.611801
defined,0.010467,0.487578
web,0.000146,0.14472
pile,0.070406,0.916149
perpetrated,0.851406,0.658385
reputation,0.003837,0.146584
accusations,0.13301,0.425466
minors,0.040915,0.180435
patterns,0.005186,0.181988
aggression,0.041795,0.151863
scared,0.030085,0.440994
alcohol,0.009844,0.391304
tesco,0.045446,0.285093
embarrassed,0.025658,0.121118
tell,0.000628,0.114907
beyond,0.00663,0.555901
samples,0.005598,0.186025
hulshof,0.011769,0.004752
prosecuted,0.042714,0.079193
instruction,0.008431,0.260248
advocates,0.035842,0.224845
conviction,0.019052,0.137267
humiliating,0.526882,0.76087
risen,0.091096,0.413043
methods,0.003579,0.274534
adolescents,0.025543,0.13882
harmful,0.011161,0.107453
constitutes,0.007723,0.140062
discredit,0.408734,0.290683
post,0.000239,0.176087
involvement,0.050833,0.757764
distinction,0.084713,0.826087
forums,0.000405,0.079814
identity,0.010429,0.453416
pattern,0.003069,0.180124
grades,0.027288,0.518634
hinduja,0.051286,0.009907
minor,0.002967,0.138199
strain,0.004251,0.049379
responders,0.564961,0.891304
justin,0.00839,0.614907
documents,0.004008,0.319876
lifetime,0.002298,0.061801
affects,0.050615,0.767081
maryland,0.022881,0.838509
lawmakers,0.019587,0.073602
linda,0.002588,0.136646
vulnerable,0.011053,0.117391
unwell,0.341985,0.278261
mistreated,0.638743,0.378882
twice,0.006179,0.236025
examiner,0.006209,0.064596
latest,0.001946,0.670807
messenger,0.003349,0.110248
staffers,0.818182,0.782609
defamation,0.05499,0.083851
direct,0.000253,0.045342
prot,0.153,0.475155
institute,0.003096,0.241304
datos,0.000253,0.017143
castile,0.024536,0.014783
centro,0.0075,0.86646
coalition,0.009707,0.092547
plains,0.060486,0.618012
mcafee,0.002425,0.035093
kidzui,0.941065,0.153727
responsibilities,0.028292,0.493789
generations,0.019239,0.267081
aim,0.003358,0.139752
beatbullying,0.87963,0.059006
edited,0.011095,0.692547
punish,0.086131,0.36646
juicycampus,0.312121,0.003199
cruel,0.013301,0.128882
cope,0.012746,0.132609
exclusion,0.012907,0.090994
ridicule,0.253112,0.568323
participate,0.008244,0.335404
legislature,0.02408,0.130124
isp,0.003289,0.038509
criminalizes,0.740217,0.211491
strategies,0.015741,0.52795
formal,0.00464,0.159938
essentially,0.052788,0.881988
assistance,0.007853,0.431677
libel,0.038511,0.056211
applicability,0.088171,0.25
outcomes,0.011524,0.154969
terrorized,0.503333,0.234472
product,0.000908,0.400621
journals,0.013566,0.543478
offending,0.058143,0.126398
companies,0.007591,0.909938
senses,0.099642,0.863354
industry,0.003848,0.658385
initiative,0.008591,0.229193
agencia,0.00067,0.01087
internauta,0.14404,0.135093
viveinternet,0.020973,0.000388
edition,0.003353,0.521739
defames,0.130711,0.015994
applications,0.008895,0.950311
greater,0.002749,0.224534
smartphone,0.002877,0.159938
witness,0.01152,0.167081
virtual,0.002725,0.246273
towards,0.00468,0.263043
doesn,0.001099,0.152174
units,0.004497,0.25559
legislative,0.026172,0.246273
esafety,0.034068,0.018727
location,0.000106,0.047516
threads,0.010661,0.751553
considered,0.003442,0.239441
gcld,0.006404,0.00068
hundreds,0.005055,0.171118
bring,0.006994,0.751553
cyberkind,0.015729,0.000972
impossible,0.003228,0.145342
nude,0.005722,0.319876
ongoing,0.005923,0.124534
denigration,0.199029,0.063665
hate,0.017283,0.928571
aimed,0.020366,0.276398
address,0.000152,0.062112
instigate,0.420192,0.135714
revealing,0.070242,0.630435
critical,0.005081,0.252484
repeatedly,0.015207,0.136957
threatened,0.028885,0.249379
continually,0.092776,0.757764
capcom,0.059462,0.240062
team,0.000512,0.167081
steps,0.012512,0.819876
survey,0.007964,0.413043
results,0.000117,0.05528
eu,0.00121,0.259938
yat,0.022892,0.059006
majority,0.005407,0.189752
peer,0.015439,0.251242
conduct,0.013393,0.465839
suffered,0.018141,0.239441
overlap,0.122414,0.661491
instances,0.014328,0.181988
acknowledge,0.050824,0.670807
comfortable,0.006849,0.295652
searched,0.008008,0.239752
curriclulum,0.011116,0.228882
haven,0.005157,0.357143
ipad,0.001065,0.204969
brainchild,0.025141,0.11087
2nd,0.005,0.481366
psychosocial,0.011803,0.017081
consequently,0.039142,0.453416
learn,0.00052,0.139752
megan,0.003791,0.08323
previous,0.001568,0.540373
rhode,0.013826,0.255901
misdemeanor,0.524249,0.704969
june,0.000393,0.097205
characteristics,0.003048,0.099379
additionally,0.020949,0.397516
sender,0.024316,0.281677
experience,0.000322,0.08354
engage,0.019755,0.450311
via,0.000179,0.076087
compounding,0.185242,0.226087
alienation,0.636364,0.695652
extreme,0.00272,0.214596
question,0.000238,0.062422
senders,0.168972,0.280745
extremely,0.00399,0.246584
remove,0.000218,0.033851
slonje,0.043723,0.00186
pathological,0.205607,0.614907
stalker,0.023077,0.130435
assisting,0.060606,0.434783
wide,0.003294,0.428571
assessed,0.018936,0.248758
population,0.004601,0.197205
sample,0.002299,0.186335
unsafe,0.203968,0.798137
completed,0.003802,0.226708
challenges,0.001676,0.770186
adina,0.047159,0.077329
classrooms,0.071679,0.291615
crisis,0.005669,0.239441
eau,0.019208,0.602484
predominantly,0.08,0.409938
geared,0.038792,0.179503
dardenne,0.554822,0.130435
task,0.004659,0.237267
stalkers,0.198585,0.130745
deviant,0.005488,0.129193
perhaps,0.005543,0.301242
regularly,0.01625,0.403727
bodies,0.030099,0.944099
forum,0.000128,0.067702
punished,0.002458,0.236646
gang,0.004471,0.212422
expected,0.004133,0.270807
access,0.000214,0.059938
subjected,0.131818,0.990683
frequently,0.003698,0.194099
sponsored,0.001741,0.152484
aris,0.12623,0.478261
sen,0.011139,0.546584
area,0.00022,0.074534
connecticut,0.031499,0.835404
helps,0.009737,0.689441
fourteen,0.086188,0.484472
predators,0.032806,0.141615
yet,0.000333,0.090683
grade,0.008894,0.574534
cyberspace,0.02865,0.048758
helpful,0.004754,0.360248
delusional,0.827586,0.968944
line,0.000468,0.159938
australian,0.009427,0.562112
schoolers,0.094942,0.075776
median,0.030769,0.521739
based,0.003467,0.996894
hyperactivity,0.424149,0.425466
difficulty,0.00725,0.146584
experienced,0.018133,0.934783
nearly,0.004263,0.226398
third,0.004541,0.599379
rule,0.017647,0.838509
summer,0.005101,0.708075
physically,0.043218,0.583851
charity,0.015651,0.462733
reach,0.007124,0.515528
telephone,0.003006,0.161491
self,0.005727,0.770186
offer,0.001797,0.363354
potentially,0.016916,0.562112
captions,0.012876,0.06118
enemies,0.010247,0.115839
despite,0.004331,0.219255
regarded,0.056906,0.639752
remarks,0.007084,0.096584
hacking,0.026241,0.223292
discredits,0.785193,0.233851
exclusively,0.026931,0.400621
myspace,0.002032,0.136957
cites,0.191429,0.624224
cruelty,0.034034,0.125776
case,0.000385,0.094099
encouragement,0.102024,0.782609
experimental,0.006273,0.176708
pitting,0.118219,0.090683
violent,0.046,0.714286
treated,0.020826,0.704969
overarching,0.090476,0.088509
bob,0.00303,0.219255
halt,0.003226,0.046894
respondents,0.139823,0.490683
ideas,0.006585,0.92236
guidance,0.006431,0.169565
repeated,0.009072,0.136646
person,0.000504,0.110248
age,0.000485,0.101242
tactics,0.011048,0.114596
devices,0.005975,0.437888
anonymous,0.015879,0.813665
identified,0.014,0.456522
cyberstalkers,0.36934,0.024317
behaviors,0.165979,1
making,0.001081,0.231056
consequences,0.014337,0.258696
likelihood,0.077731,0.574534
venues,0.040925,0.742236
evict,0.987097,0.475155
offender,0.03,0.117391
unwelcome,0.313746,0.28354
unique,0.002039,0.278571
possible,0.000323,0.06087
similar,0.000164,0.040683
once,0.000511,0.097516
photos,0.000142,0.104037
summarize,0.237383,0.78882
recognize,0.011378,0.248758
impersonation,0.032518,0.041304
subject,0.000262,0.040062
purpose,0.006337,0.537267
displayed,0.008531,0.468944
hotmail,0.014624,0.84472
associated,0.002594,0.22795
modern,0.00247,0.319876
range,0.000171,0.031988
past,0.000473,0.080435
ignoring,0.038202,0.21118
anti,0.004264,0.521739
murder,0.020567,0.518634
slurs,0.813853,0.583851
reality,0.007352,0.5
forfeited,0.425926,0.357143
stated,0.025526,0.903727
agencies,0.01699,0.543478
ofsted,0.177567,0.145031
questions,0.000372,0.093789
administrators,0.01718,0.204348
class,0.000548,0.114907
books,0.00023,0.072981
global,0.003717,0.692547
monitor,0.006129,0.413043
distrust,0.241739,0.259006
expiryall,0.000084,0.000003
menu,0.001796,0.503106
history,0.000417,0.136025
wikimedia,0.001154,0.023075
file,0.000199,0.051553
edit,0.000898,0.20559
sharealike,0.025238,0.115217
materials,0.005508,0.555901
synthesis,0.08224,0.934783
definitions,0.009466,0.291615
australia,0.000259,0.054658
further,0.004929,0.540373
harming,0.128088,0.235093
carried,0.012522,0.447205
peers,0.020685,0.253106
instill,0.237975,0.23354
inadequacies,0.275,0.102484
effectively,0.018743,0.537267
prevalence,0.166447,0.785714
increased,0.012778,0.642857
fully,0.002397,0.209938
stalked,0.017441,0.013758
authors,0.010425,0.686335
seek,0.014961,0.599379
embarrass,0.141259,0.125466
know,0.000598,0.278571
refers,0.008244,0.134161
variety,0.002789,0.200932
prosocial,0.19619,0.12795
rumours,0.10129,0.487578
significant,0.004576,0.261491
admitted,0.042602,0.518634
features,0.000194,0.052174
form,0.000244,0.062733
unlike,0.003057,0.084783
normative,0.052477,0.17764
mail,0.000091,0.070497
addition,0.006593,0.649068
anyone,0.000495,0.073913
pertaining,0.101942,0.652174
threatening,0.041613,0.400621
sameer,0.162628,0.245963
schoolyard,0.035625,0.024783
refuge,0.136898,0.795031
distribution,0.003004,0.226708
missouri,0.009245,0.304348
ordinance,0.206897,0.63354
however,0.000298,0.051863
violation,0.009949,0.181988
intent,0.008028,0.089752
excluding,0.068508,0.770186
labels,0.00302,0.189441
fact,0.007924,0.841615
leave,0.000418,0.089752
gossip,0.005289,0.141925
yielded,0.091935,0.354037
harassed,0.72043,0.832298
implemented,0.012835,0.231988
mo,0.003912,0.552795
discipline,0.011976,0.220186
method,0.002627,0.275776
strategy,0.010559,0.586957
given,0.004519,0.627329
prohibit,0.016915,0.10559
ignored,0.015336,0.20528
memorial,0.004362,0.157143
platform,0.002597,0.178261
snuff,0.15236,0.210559
etc,0.001794,0.459627
suggests,0.029536,0.692547
years,0.000534,0.20559
procedure,0.005664,0.225155
authoritative,0.157328,0.453416
studies,0.006075,0.5
cognitive,0.009861,0.088199
lower,0.002127,0.228571
smith,0.005169,0.521739
positions,0.010687,0.434783
attention,0.006545,0.611801
seems,0.004845,0.729814
inteco,0.041701,0.019037
le,0.001668,0.984472
envy,0.112766,0.987578
dedicated,0.003131,0.185714
al,0.001563,0.956522
sort,0.004395,0.767081
kttv,0.009838,0.005652
aol,0.002904,0.087578
handle,0.004758,0.243789
clear,0.002532,0.425466
harasser,0.153752,0.03882
figure,0.005331,0.450311
engaging,0.021866,0.243789
forty,0.066389,0.742236
directly,0.001881,0.210248
suggest,0.014974,0.888199
classroom,0.012554,0.290062
slander,0.049096,0.050621
freedom,0.007933,0.440994
re,0.000392,0.23354
defining,0.023773,0.240683
internetsafety101,0.320497,0.001602
spawning,0.523316,0.627329
wayne,0.003354,0.135404
influenced,0.017372,0.231988
drew,0.005223,0.119876
reviews,0.002118,0.670807
unflattering,0.218293,0.11118
follow,0.000241,0.145031
advise,0.008243,0.12236
ola,0.023423,0.403727
stickam,0.034633,0.046894
ebaums,0.400763,0.032609
grassroots,0.279646,0.981366
audience,0.005191,0.21118
mobbing,0.019309,0.026025
ucf,0.08399,0.105901
ugly,0.005702,0.126087
perception,0.011928,0.153727
network,0.000352,0.090062
targets,0.044378,0.686335
marees,0.192175,0.051863
monks,0.249476,0.73913
deliverable,0.093333,0.073913
cybercrime,0.036855,0.046584
alexis,0.002638,0.063665
responded,0.041828,0.468944
8th,0.000294,0.158696
secondary,0.005321,0.221429
puar,0.028835,0.009224
rzig,0.045575,0.003199
ncsl,0.44,0.034161
elizabeth,0.004101,0.177019
pathologies,0.414439,0.481366
livingstone,0.073206,0.142547
luntamo,0.27,0.000671
bystanders,0.091099,0.054037
todd,0.008518,0.140994
mcdermott,0.191943,0.503106
smyth,0.103628,0.141925
ferron,0.050778,0.014193
linkages,0.169082,0.326087
dictionary,0.00898,0.409938
mind,0.005335,0.81677
kidscape,0.141667,0.010559
leymann,0.138742,0.013012
blackmail,0.250389,0.5
melayu,0.003543,0.115528
getting,0.000618,0.135714
cyberpsychology,0.131365,0.020031
tolerance,0.007165,0.12795
whoa,0.065217,0.465839
marc,0.002281,0.121118
contributor,0.003156,0.090062
general,0.000193,0.077329
von,0.000602,0.132298
dealing,0.035641,0.975155
horror,0.011095,0.47205
river,0.00459,0.434783
edu,0.001763,0.159317
chicago,0.002087,0.215217
humiliation,0.009048,0.064907
whispering,0.231678,0.608696
raphael,0.07722,0.621118
abusebullyingcomputer,0.146393,0.277329
dansk,0.001894,0.11646
cheerleader,0.008967,0.08354
sub,0.004046,0.434783
born,0.011732,0.841615
preteen,0.113043,0.565217
parry,0.007028,0.017702
setting,0.007077,0.571429
leading,0.002686,0.241925
attempts,0.025194,0.503106
responses,0.016772,0.661491
suffer,0.023107,0.369565
today,0.000314,0.141304
fm,0.001263,0.156522
differenteffects,0.001748,0.602484
surveys,0.020255,0.39441
jim,0.004241,0.208075
hanulka,0.019913,0.001416
akhlaghi55,0.007692,0
intro,0.008879,0.319876
starts,0.004082,0.21677
proposed,0.016864,0.487578
ruling,0.011526,0.114907
composed,0.04364,0.767081
measures,0.006958,0.259317
attacks,0.037435,0.888199
ann,0.00265,0.169565
monitored,0.054348,0.465839
conflict,0.008808,0.224845
motivation,0.009526,0.181056
pantallasamigas,0.087879,0.003602
seguridad,0.000505,0.029783
canary,0.130061,0.658385
hackers,0.03095,0.192236
disney,0.002567,0.172981
gain,0.005064,0.268944
depicts,0.234483,0.84472
occur,0.006425,0.211491
light,0.000371,0.097826
motives,0.233663,0.732919
commercial,0.001583,0.254658
offenses,0.051163,0.102484
navegaci,0.002828,0.000342
preteens,0.30384,0.565217
call,0.000545,0.136646
demand,0.004787,0.243789
usage,0.007069,0.381988
troll,0.010829,0.137888
highlights,0.006893,0.440994
sexting,0.157823,0.144099
sentence,0.022688,0.403727
topping,0.136434,0.546584
library,0.003431,0.509317
lester,0.131395,0.701863
d3,0.028756,0.34472
abcnews,0.061172,0.051863
oaks,0.057576,0.531056
cry,0.009574,0.419255
practices,0.015847,0.580745
respect,0.0092,0.571429
ebrary,0.16319,0.016522
nagging,0.148116,0.158696
namie,0.119028,0.091304
hubley,0.473404,0.082919
researchuse,0.049153,0.027019
anonymously,0.059921,0.468944
esteemhave,0.011275,0.357143
thumbs,0.006948,0.919255
rosefeatured2,0.152893,0.000011
lsbd3231,0.008889,0.000001
ananiev584,0.000292,0.000002
frame,0.002135,0.137888
humiliated,0.028846,0.065217
adversely,0.252481,0.71118
salient,0.218045,0.360248
commonly,0.003328,0.068012
del,0.001867,0.956522
steroids,0.2536,0.984472
procter,0.169786,0.39441
handled,0.024106,0.309938
december,0.00075,0.185093
deprecated,0.052904,0.15559
agression,0.040333,0.150311
shaw,0.004734,0.058075
comparisons,0.012389,0.156211
wolak,0.128111,0.017267
exploratory,0.339934,0.639752
pantagraph,0.256345,0.015683
petermann,0.098795,0.025466
prentice,0.103803,0.313665
aggressors,0.052126,0.011801
upstream,0.087838,0.403727
relational,0.254088,0.627329
innuendo,0.318408,0.198758
yelling,0.289815,0.97205
hickson,0.198506,0.057764
prince,0.003922,0.233851
traumatic,0.027638,0.109006
magyar,0.000427,0.027981
attend,0.01069,0.385093
bridge,0.00336,0.211801
fabfive,0.020415,0.012236
sixteen,0.124074,0.832298
subtitlesby,0.114724,0.116149
graphics,0.003812,0.245031
works,0.000346,0.069255
ads,0.000143,0.02854
liability,0.003712,0.109627
ngos,0.291242,0.888199
protecci,0.503226,0.193789
segura,0.013003,0.28913
ending,0.005748,0.20528
rothas,0.06352,0.007733
goal,0.009451,0.534161
activist,0.023822,0.16646
tackle,0.00914,0.125466
deceased,0.093204,0.596273
empathy,0.025503,0.070807
impact,0.008795,0.611801
juvenile,0.014559,0.092236
childnet,0.452012,0.045342
ethical,0.017944,0.200621
trend,0.007202,0.431677
reduction,0.014808,0.478261
hearn,0.059932,0.054348
lse,0.242975,0.456522
alexandria,0.07248,0.826087
minister,0.014878,0.434783
investigates,0.009904,0.031988
berson,0.051422,0.007298
ml,0.005392,0.490683
wiktionary,0.069375,0.275776
alexandra,0.018544,0.332298
obsessional,0.087107,0.017205
acbps,0.095299,0.000693
isbn,0.014866,0.863354
co,0.000166,0.150621
cnet,0.003427,0.026925
toronto,0.004392,0.163665
following,0.000278,0.082919
program,0.000351,0.078261
burgess,0.119917,0.357143
reclaiming,0.628205,0.608696
regular,0.007866,0.767081
nz,0.001824,0.103106
nursing,0.01284,0.36646
kenneth,0.008715,0.16646
audrie,0.214094,0.099068
personality,0.00623,0.158075
persecution,0.442136,0.925466
mdy,0.004254,0.004783
academia,0.016227,0.279193
organisations,0.009436,0.119565
heinz,0.07037,0.649068
jamey,0.016154,0.326087
dehumanization,0.239655,0.086335
animals,0.007224,0.670807
bahasa,0.002805,0.241304
harder,0.005613,0.118012
schoolreceive,0.143202,0.029441
trends,0.005116,0.478261
sky,0.003129,0.302174
texas,0.005749,0.596273
bg,0.007326,0.391304
interyanan17683,0.2,0.000002
exactly,0.006721,0.381988
added,0.000185,0.042236
showtimes,0.094194,0.453416
vinterberg,0.009895,0.00587
rom,0.018839,0.65528
missbelievegotswag3,0.027027,0.000002
usually,0.003729,0.350932
disciplining,0.568571,0.185404
stills,0.040449,0.447205
academy,0.005313,0.369565
watchlist,0.008014,0.140373
writer,0.013698,0.81677
board,0.000248,0.053106
soundtracks,0.015,0.137888
0check,0.002528,0.001115
cyberthreat,0.366931,0.100621
hinuja,0.058899,0.009969
reconceptualizing,0.074691,0.011273
betout,0.031597,0.003071
apr,0.001647,0.186646
blacklisting,0.100909,0.034472
rehtaeh,0.827184,0.132298
indefinitely,0.135817,0.350932
k12,0.001055,0.08882
military,0.003397,0.24472
embarrassment,0.060628,0.131988
undermining,0.555,0.689441
marie,0.002676,0.156211
lgbt,0.011508,0.071118
minimisation,0.554717,0.136957
wikidata,0.001835,0.002519
surveillance,0.006101,0.104969
16k,0.007088,0.014441
sorority,0.117857,0.409938
awakening,0.173034,0.956522
enabled,0.003239,0.223292
width,0.003466,0.810559
exploitation,0.013802,0.15559
lewd,0.296117,0.947205
comic,0.005317,0.203106
cbs,0.005319,0.111491
saige,0.05985,0.02472
king705,0.00036,0.000003
hanulkov,0.001031,0.000001
approved,0.005216,0.270497
intrigued,0.340938,0.835404
although,0.007362,0.745342
bios,0.026217,0.434783
amazon,0.000725,0.125466
min,0.003407,0.57764
check,0.000302,0.120807
synopsis,0.002452,0.019037
moves,0.029036,0.860248
enhance,0.005058,0.188509
track,0.001522,0.232609
specs,0.040706,0.931677
confront,0.029718,0.088509
brutalizing,0.314885,0.051242
kaley,0.058453,0.138509
long,0.000441,0.18354
suit,0.003993,0.174845
amber,0.00343,0.095963
enter,0.000147,0.042236
chando,0.111924,0.012826
plots,0.011242,0.112422
office,0.003069,0.962733
posters,0.006297,0.197516
sherri,0.213313,0.437888
gawker,0.002387,0.005901
below,0.000269,0.081677
leah,0.085135,0.782609
jennifer,0.008914,0.484472
melissa,0.005208,0.128571
gil,0.039612,0.63354
quotes,0.002426,0.137888
goodwin,0.163866,0.60559
cassandra,0.063636,0.456522
emmys,0.309745,0.829193
frenzy,0.106154,0.642857
pilot,0.004601,0.137888
imdbpro,0.019636,0.067081
moviemeter,0.045587,0.025342
hamptons,0.468085,0.68323
perez,0.004337,0.097516
bruce,0.005073,0.151553
metacritic,0.009815,0.032919
items,0.000975,0.258385
soundonsight,0.000909,0.001121
dangermouse,0.169343,0.07205
dramatisation,0.015229,0.004441
user,0.000259,0.128571
summary,0.001257,0.173292
jacey,0.317025,0.050311
clare,0.069732,0.565217
technical,0.001337,0.169876
literature,0.004,0.22236
peters,0.081818,0.754658
monger,0.6475,0.241304
shows,0.000661,0.129814
dr,0.004042,0.962733
afterellen,0.003039,0.00218
favorite,0.000496,0.114596
mcloughlin,0.119337,0.067081
seewhatididthar,0.000084,0.000002
runtime,0.017448,0.208075
rubbish,0.064773,0.354037
penavega,0.016761,0.000739
disaprovingly,0.013444,0.000063
skidmark,0.01187,0.004534
cuoco,0.066435,0.237267
barr,0.123729,0.453416
seconds,0.002134,0.138509
mysterious,0.015899,0.195031
buckley,0.082258,0.31677
contribute,0.009767,0.391304
tales,0.009688,0.260559
shy,0.003409,0.060559
tara,0.044444,0.782609
entertainingly,0.006295,0.001683
hewitt,0.093264,0.559006
fit,0.003112,0.363354
peter,0.004206,0.468944
austin,0.003049,0.15528
infiltrate,0.600707,0.52795
decides,0.08959,0.881988
werner,0.058839,0.692547
maclaren,0.011342,0.013385
dinsmore,0.086974,0.020528
rilke,0.069951,0.044099
cybersmelly,0.000128,0.000001
adbreak,0.009602,0.001273
spark,0.007559,0.129814
advil,0.076087,0.054348
madasrabbits515,0.291667,0.000002
conditions,0.000744,0.202795
ondvd,0.034476,0.153106
boll,0.068047,0.107143
ihategorgonzola,0.039548,0.000002
halstrom,0.002296,0.000342
mojo,0.063111,0.440994
sutton,0.079798,0.490683
mercer,0.120863,0.521739
electrocuted,0.73301,0.234472
fantasy,0.002011,0.171739
ginnifer,0.207746,0.091615
krakowski,0.010297,0.00646
mortensen,0.303797,0.447205
particular,0.002686,0.276087
overdose,0.101418,0.444099
awesomeness,0.055701,0.185093
uwe,0.001837,0.174534
kiss_kamilla,0.000023,0.000002
android,0.001174,0.306211
france,0.002313,0.596273
traditional,0.00261,0.220497
roles,0.028881,0.745342
gov,0.004169,0.397516
groups,0.000748,0.132919
resources,0.000194,0.038509
considerations,0.083473,0.925466
specific,0.002594,0.319876
community,0.000217,0.097205
respond,0.00055,0.021677
posted,0.00024,0.082609
training,0.005556,0.854037
document,0.004299,0.419255
us,0.000587,0.92236
definition,0.002107,0.11646
prevent,0.003305,0.181677
center,0.000232,0.081988
kelly,0.003604,0.226087
electronic,0.002765,0.267081
support,0.000199,0.086335
pictures,0.000728,0.191615
department,0.005659,0.732919
foia,0.156148,0.209006
wikipedia,0.001087,0.081677
gobiernousa,0.006866,0.000857
neutral,0.038481,0.928571
binam,0.066667,0.005528
family,0.000613,0.224534
deletion,0.024574,0.143478
cast,0.003277,0.20559
prupas,0.052189,0.000925
mother,0.00637,0.555901
classmates,0.010984,0.08323
why,0.000785,0.218323
human,0.006285,0.919255
linkedin,0.001099,0.162112
appropriate,0.007015,0.437888
images,0.000094,0.090373
rumors,0.012354,0.145031
topics,0.000225,0.030062
avenue,0.002391,0.197516
states,0.000206,0.057143
samhsa,0.382413,0.058075
eric,0.003052,0.164907
otherwise,0.004391,0.306832
innocuous,0.249744,0.151242
scott,0.002991,0.217391
may,0.000778,0.621118
poster,0.002797,0.197205
osment,0.040045,0.027733
text,0.000243,0.07236
date,0.000217,0.105901
ed,0.003159,0.807453
section,0.004043,0.57764
july,0.000374,0.087578
she,0.000847,0.191925
meaghan,0.251648,0.142236
spot,0.002069,0.158696
close,0.000274,0.103727
nastassia,0.033168,0.010404
so,0.00076,0.608696
ol,0.001092,0.092547
cdc,0.003549,0.049379
spam,0.003959,0.272981
gaiam,0.077193,0.027329
stopbullying,0.120126,0.059317
references,0.004051,0.249068
hillridge,0.059302,0.007919
caldone,0.228374,0.004099
first,0.000871,0.652174
wrong,0.004279,0.580745
find,0.000212,0.150621
bookmark,0.000935,0.124534
different,0.000319,0.08354
sites,0.000223,0.065839
services200,0.004709,0.000326
news,0.000644,0.596273
blatant,0.301741,0.484472
james,0.00395,0.583851
delete,0.001105,0.088509
contents,0.001448,0.129503
external,0.001481,0.123292
october,0.000345,0.085404
made,0.00058,0.245031
navigation,0.000797,0.16677
kids,0.000144,0.169876
risk,0.007605,0.621118
blog,0.00014,0.135714
factors,0.010204,0.465839
related,0.000175,0.086335
does,0.000416,0.153727
incident,0.020737,0.419255
group,0.00028,0.115528
rekindling,0.93279,0.142236
few,0.000384,0.081677
caroline,0.003759,0.079503
generally,0.003041,0.161491
rally,0.005721,0.144099
leclerc,0.016788,0.050311
contain,0.007824,0.413043
annual,0.007018,0.599379
abcfamily,0.014167,0.012143
33rd,0.065019,0.106211
panic,0.006224,0.082919
addams,0.097021,0.28323
eve,0.002333,0.08913
city,0.000401,0.191615
edge,0.002757,0.211491
dream,0.006183,0.649068
categories,0.000123,0.042547
print,0.000959,0.28323
attribution,0.026154,0.950311
humiliate,0.872054,0.804348
even,0.000363,0.129503
sometimes,0.009771,0.795031
spreading,0.01815,0.240683
